Date,Open,High,Low,Close,Volume,Market Cap
4/30/2019,21.7,22.35,21.43,22.13,190326179,3123908034
4/29/2019,22.9,22.93,21.32,21.71,201243334,3064223472
4/28/2019,22.35,23.04,22.3,22.9,222693167,3232825508
4/27/2019,22.87,22.95,22.26,22.34,205615716,3154084440
4/26/2019,22.29,23.46,21.64,22.87,253113255,3228602708
4/25/2019,23.1,23.53,21.54,22.24,244068802,3140181470
4/24/2019,22.85,23.17,21.41,23.13,259839247,3265257560
4/23/2019,23.91,24.75,22.69,22.88,264898474,3229567383
4/22/2019,24.19,24.7,23.4,23.91,254544860,3375238997
4/21/2019,24.99,24.99,22.79,24.19,281288778,3415575669
4/20/2019,24.52,25.53,23.96,25.01,311312466,3530449999
4/19/2019,22.03,24.8,21.32,24.48,397681147,3455309687
4/18/2019,19.59,22.08,19.54,22.04,376729341,3111293099
4/17/2019,19.83,19.89,19.43,19.6,186563033,2767512515
4/16/2019,19.39,19.86,18.79,19.83,174830782,2799150875
4/15/2019,19.49,19.9,18.89,19.4,176699111,2739147032
4/14/2019,18.71,20.01,18.53,19.49,189084742,2751795497
4/13/2019,18.44,18.72,18.15,18.72,167393154,2642776671
4/12/2019,17.69,18.63,16.81,18.43,171773154,2602467119
4/11/2019,18.28,18.29,16.59,17.7,159364357,2498873860
4/10/2019,18.43,18.69,18.12,18.25,180291307,2576252115
4/9/2019,18.11,18.64,17.32,18.44,203380139,2602577566
4/8/2019,19.08,19.09,18.07,18.11,178255322,2557210855
4/7/2019,19.11,19.27,18.91,19.11,149525473,2697901876
4/6/2019,19.46,19.47,18.89,19.12,155317547,2698658298
4/5/2019,19.14,19.53,18.94,19.45,181774781,2746352773
4/4/2019,18.74,19.55,18.45,19.14,214630296,2702478307
4/3/2019,19.8,20.07,18.43,18.75,254862222,2647473022
4/2/2019,17.96,19.92,17.69,19.79,264406306,2793832258
4/1/2019,17.41,18.06,17.29,17.95,202977286,2534170929
3/31/2019,16.93,17.57,16.77,17.4,199990283,2456689309
3/30/2019,16.49,17.24,16.07,16.93,182021376,2390413470
3/29/2019,16.8,16.9,16.45,16.51,172002338,2330827187
3/28/2019,16.78,16.91,16.61,16.81,189454288,2372500772
3/27/2019,16.29,16.96,16.05,16.78,202275822,2369114351
3/26/2019,16.76,16.83,15.78,16.34,186112032,2306195308
3/25/2019,17.25,17.42,16.22,16.84,199413830,2377537598
3/24/2019,15.24,17.38,14.92,17.29,314554203,2440268717
3/23/2019,15.25,15.55,15.1,15.24,143128548,2150949042
3/22/2019,14.5,15.32,14.39,15.27,149753510,2155244843
3/21/2019,15.28,15.45,14.34,14.52,152779939,2049500112
3/20/2019,15.69,15.72,15.18,15.28,136054765,2157164802
3/19/2019,15.68,16.01,15.41,15.69,216950178,2215550960
3/18/2019,15.75,15.94,15.4,15.68,132882167,2213915702
3/17/2019,16.09,16.1,15.68,15.76,131687083,2225087469
3/16/2019,15.05,16.16,15.02,16.12,143423670,2275609084
3/15/2019,15.03,15.3,15.01,15.08,124146334,2128517331
3/14/2019,15.12,15.23,14.75,15.05,137039682,2124846987
3/13/2019,15.43,15.45,15.1,15.12,145402739,2133885107
3/12/2019,14.5,15.51,14.32,15.41,169525508,2174968137
3/11/2019,14.5,14.97,14.22,14.51,152327295,2049079581
3/10/2019,14.57,14.6,14.07,14.49,140866074,2046259504
3/9/2019,14.28,14.95,14.11,14.57,160640089,2056345113
3/8/2019,15.23,15.32,13.76,14.37,227303083,2028259194
3/7/2019,14.53,15.65,14.44,15.15,236520320,2138227830
3/6/2019,13.75,14.56,13.11,14.52,191016822,2049578132
3/5/2019,11.52,13.84,11.52,13.81,237026335,1949911246
3/4/2019,11.54,11.6,11.07,11.55,89421231,1630004462
3/3/2019,11.85,11.96,11.35,11.54,89868246,1628869047
3/2/2019,11.38,11.92,10.96,11.87,120807894,1675716941
3/1/2019,10.36,11.61,10.33,11.39,117838677,1608442973
2/28/2019,9.91,10.55,9.89,10.37,100626963,1463309043
2/27/2019,9.52,10.12,9.44,9.9,93800328,1397514790
2/26/2019,9.82,9.87,9.45,9.52,88437694,1344215777
2/25/2019,10.07,10.29,9.54,9.84,146043498,1389450859
2/24/2019,10.8,11.09,9.62,10.11,113588899,1427720907
2/23/2019,10.82,10.87,10.46,10.78,81628102,1522126090
2/22/2019,10.45,10.99,10.43,10.84,82256314,1529935070
2/21/2019,10.99,10.99,10.23,10.49,85754656,1481339199
2/20/2019,10.52,11.32,10.52,10.97,118033473,1548138352
2/19/2019,9.65,11.11,9.58,10.56,128091178,1491247773
2/18/2019,9.22,9.74,9.18,9.63,79003060,1360146167
2/17/2019,9.13,9.22,8.92,9.22,66977126,1301079823
2/16/2019,9.32,9.34,9.08,9.13,65705040,1288826514
2/15/2019,8.82,9.51,8.78,9.27,83961438,1309237748
2/14/2019,8.93,9.07,8.46,8.78,72389547,1239809925
2/13/2019,9.33,9.33,8.79,8.94,95068052,1262260337
2/12/2019,9.53,9.75,8.98,9.34,123194872,1318830505
2/11/2019,9.19,9.82,9.15,9.55,136029624,1348481387
2/10/2019,8.86,9.34,8.86,9.21,125419865,1300443647
2/9/2019,8.6,8.93,8.47,8.87,106420119,1252418196
2/8/2019,7.78,8.83,7.65,8.58,103694036,1210659827
2/7/2019,8.1,8.43,7.7,7.73,86056681,1091332443
2/6/2019,7.86,8.47,7.41,8.09,118867601,1141569622
2/5/2019,7.06,7.91,6.96,7.82,96588397,1010127808
2/4/2019,6.77,7.17,6.7,7.1,71959989,917210595
2/3/2019,6.89,6.92,6.62,6.74,59942158,870405723
2/2/2019,6.55,6.89,6.53,6.89,56627089,890238048
2/1/2019,6.26,6.65,6.17,6.56,56050947,847729319
1/31/2019,6.17,6.33,6.03,6.27,52240451,809728264
1/30/2019,6.17,6.22,6.06,6.17,41310644,797597771
1/29/2019,6.22,6.31,6.06,6.18,49291811,798520266
1/28/2019,7.09,7.19,6.11,6.21,82427200,801686639
1/27/2019,7,7.25,6.86,7.09,52872347,915621569
1/26/2019,6.75,7.04,6.69,7.01,48498979,905076469
1/25/2019,6.51,6.8,6.51,6.74,43731936,870297268
1/24/2019,6.53,6.54,6.47,6.51,26614401,840388816
1/23/2019,6.53,6.57,6.44,6.54,33083575,844988795
1/22/2019,6.54,6.57,6.38,6.52,31986617,842637433
1/21/2019,6.51,6.58,6.42,6.55,36321046,846490209
1/20/2019,6.65,6.73,6.38,6.49,49479090,838848751
1/19/2019,6.57,6.73,6.36,6.64,46981638,857137442
1/18/2019,6.41,6.69,6.34,6.56,43105423,847783881
1/17/2019,6.17,6.42,6.08,6.42,36306127,829026635
1/16/2019,5.92,6.25,5.9,6.19,35059223,799081409
1/15/2019,6.16,6.16,5.82,5.92,25427436,774207426
1/14/2019,5.58,6.16,5.57,6.16,43109288,805629865
1/13/2019,5.97,6,5.49,5.57,26590183,728389539
1/12/2019,6.09,6.09,5.93,5.98,32654874,781782829
1/11/2019,5.97,6.24,5.84,6.08,50239804,794650511
1/10/2019,6.61,6.68,5.8,5.92,75844882,773798122
1/9/2019,6.66,6.97,6.47,6.64,74676974,868710100
1/8/2019,6.3,6.91,6.24,6.64,65660517,868514466
1/7/2019,6.43,6.43,6.23,6.29,37914513,822912212
1/6/2019,6.07,6.5,6.03,6.4,41574183,836589632
1/5/2019,6.06,6.2,6.03,6.07,30340637,793368779
1/4/2019,5.9,6.07,5.86,6.07,29311136,793315820
1/3/2019,6.17,6.18,5.9,5.9,22821639,772178241
1/2/2019,6.09,6.21,5.95,6.19,30308610,809466354
1/1/2019,6.19,6.19,5.89,6.08,23891162,794641454
12/31/2018,6,6.33,5.97,6.16,38216014,806342664
12/30/2018,5.84,6.01,5.77,6,21109984,784234812
12/29/2018,6.03,6.1,5.83,5.83,20325768,762866028
12/28/2018,5.29,6.02,5.25,6.01,23929897,786342938
12/27/2018,5.72,5.75,5.25,5.28,16073455,690025211
12/26/2018,5.55,5.77,5.53,5.71,19526927,747270233
12/25/2018,6.19,6.19,5.46,5.55,19913983,725618989
12/24/2018,6.06,6.58,6.06,6.14,30471526,803751864
12/23/2018,5.93,6.21,5.9,6.06,29722800,792514008
12/22/2018,5.56,5.95,5.5,5.93,28188479,775715534
12/21/2018,5.79,5.87,5.45,5.57,24440098,728178645
12/20/2018,5.47,5.92,5.37,5.79,27976597,757623268
12/19/2018,5.61,5.89,5.4,5.49,25173916,718336896
12/18/2018,5.11,5.6,4.98,5.6,26195539,732511504
12/17/2018,4.65,5.16,4.64,5.11,17799305,668386725
12/16/2018,4.57,4.73,4.54,4.65,14565932,607596554
12/15/2018,4.53,4.64,4.48,4.56,12572161,596838783
12/14/2018,4.65,4.75,4.46,4.53,13544913,592960009
12/13/2018,5.03,5.03,4.59,4.65,14503435,608308845
12/12/2018,4.94,5.18,4.83,5.02,17783397,657022817
12/11/2018,4.71,4.97,4.59,4.94,19625570,646239850
12/10/2018,4.85,5,4.59,4.71,13851408,616360814
12/9/2018,4.71,5.05,4.62,4.86,17862646,635567539
12/8/2018,4.53,4.81,4.38,4.7,16534323,614811505
12/7/2018,4.92,4.96,4.19,4.53,24895395,592344303
12/6/2018,6.01,6.06,4.95,4.95,38404207,647677223
12/5/2018,5.92,6.59,5.78,5.98,61589926,782739422
12/4/2018,5.11,6.29,5.11,5.88,39059359,769203427
12/3/2018,5.25,5.28,5,5.11,12193045,668286590
12/2/2018,5.27,5.43,5.2,5.25,11848313,686750930
12/1/2018,5.09,5.42,5.01,5.29,12291155,691761389
11/30/2018,5.37,5.43,4.95,5.08,10699024,664273799
11/29/2018,5.35,5.6,5.15,5.35,13027940,699335928
11/28/2018,4.9,5.47,4.9,5.34,15392800,698070712
11/27/2018,4.91,4.95,4.68,4.91,9050190,642623575
11/26/2018,5.18,5.26,4.67,4.93,10132300,644376285
11/25/2018,5.09,5.28,4.44,5.18,12236300,677616315
11/24/2018,5.56,5.67,4.72,5.12,11938900,669075120
11/23/2018,5.74,5.77,5.42,5.56,9943370,726908037
11/22/2018,6.21,6.23,5.76,5.76,9885300,752821997
11/21/2018,5.8,6.2,5.57,6.2,14208800,810831494
11/20/2018,6.61,6.76,5.55,5.76,25989200,753431522
11/19/2018,8,8.01,6.6,6.63,21567100,867472829
11/18/2018,7.74,8.03,7.73,8,13784000,1046363128
11/17/2018,7.9,7.9,7.61,7.72,16973900,1009535273
11/16/2018,8.18,8.21,7.8,7.88,18869500,1031284583
11/15/2018,8.41,8.46,7.75,8.18,19131700,1070574081
11/14/2018,9.22,9.23,8.14,8.41,19518100,1099631149
11/13/2018,9.37,9.47,9.19,9.25,17068400,1209685693
11/12/2018,9.49,9.52,9.27,9.36,19452700,1224441164
11/11/2018,9.57,9.58,9.35,9.47,18889600,1238146316
11/10/2018,9.55,9.64,9.51,9.56,18550600,1250117069
11/9/2018,9.64,9.67,9.49,9.55,18859800,1249682815
11/8/2018,9.81,9.83,9.62,9.65,21877100,1262337649
11/7/2018,9.8,9.88,9.77,9.82,23433700,1284047719
11/6/2018,9.71,9.78,9.62,9.78,24810200,1278317401
11/5/2018,9.59,9.77,9.58,9.67,21103300,1265157682
11/4/2018,9.53,9.74,9.49,9.63,24079700,1259275637
11/3/2018,9.59,9.63,9.49,9.53,19663500,1246544940
11/2/2018,9.53,9.61,9.48,9.57,21304800,1252152306
11/1/2018,9.37,9.63,9.34,9.55,19690100,1249031435
10/31/2018,9.4,9.42,9.31,9.36,21398200,1224930353
10/30/2018,9.4,9.47,9.35,9.39,24305700,1227818402
10/29/2018,9.64,9.68,9.34,9.4,24583200,1229856255
10/28/2018,9.67,9.71,9.59,9.67,24760500,1264409510
10/27/2018,9.7,9.73,9.63,9.65,22943000,1262795447
10/26/2018,9.68,9.73,9.62,9.7,24495800,1269103898
10/25/2018,9.73,9.75,9.64,9.69,25207400,1267743585
10/24/2018,9.78,9.82,9.71,9.75,26652600,1274681180
10/23/2018,9.7,9.86,9.68,9.8,30852200,1282236149
10/22/2018,9.72,9.84,9.65,9.73,27599800,1272265317
10/21/2018,9.76,9.87,9.68,9.74,25790200,1274416966
10/20/2018,9.76,9.79,9.68,9.75,23972200,1275898922
10/19/2018,9.72,9.79,9.63,9.77,24658400,1277484210
10/18/2018,9.93,9.96,9.64,9.72,29790800,1270922008
10/17/2018,10.03,10.03,9.82,9.9,35325400,1295497891
10/16/2018,10.32,10.33,9.92,10.01,30719200,1175713142
10/15/2018,9.48,10.44,9.42,10.32,52331400,1211556837
10/14/2018,9.55,9.64,9.47,9.5,22974000,1115328494
10/13/2018,9.49,9.63,9.48,9.54,24253100,1120451371
10/12/2018,9.28,9.66,9.24,9.53,26099400,1119110169
10/11/2018,10.31,10.31,9.25,9.3,26084400,1092377724
10/10/2018,10.36,10.4,10.21,10.33,26141100,1212954413
10/9/2018,10.54,10.57,10.23,10.38,27881100,1219636937
10/8/2018,10.53,10.63,10.46,10.51,31932700,1233929786
10/7/2018,10.4,10.53,10.3,10.52,32205000,1235386083
10/6/2018,10.65,10.75,10.3,10.37,30941000,1218133662
10/5/2018,10.25,10.72,10.24,10.64,40756200,1249150438
10/4/2018,10.29,10.39,10.22,10.26,32534900,1204451518
10/3/2018,10.33,10.44,10.06,10.27,38371900,1206283633
10/2/2018,9.94,10.61,9.88,10.36,41386000,1216336780
10/1/2018,10.01,10.05,9.88,9.94,25138500,1167816254
9/30/2018,10,10.04,9.85,10.02,26954000,1176523501
9/29/2018,9.96,10.03,9.76,10,26072400,1174332009
9/28/2018,10.04,10.23,9.89,9.97,25097900,1120985498
9/27/2018,9.74,10.08,9.67,10.03,26966900,1127941241
9/26/2018,9.78,9.9,9.59,9.74,18370400,1094818818
9/25/2018,10.03,10.03,9.51,9.78,19256100,1100050805
9/24/2018,10.29,10.32,9.94,10.04,19223700,1128469725
9/23/2018,10.27,10.37,10.16,10.28,22673000,1155984600
9/22/2018,10.42,10.53,9.97,10.25,21731800,1151981619
9/21/2018,10.06,10.44,9.96,10.41,35228200,1170624718
9/20/2018,9.63,10.1,9.6,10.07,27983700,962240914
9/19/2018,9.56,9.78,9.31,9.62,22684800,918743556
9/18/2018,9.39,9.64,9.28,9.54,23016100,911577251
9/17/2018,9.95,10.01,9.32,9.41,22370800,898320113
9/16/2018,10.12,10.13,9.78,9.94,20623100,949014340
9/15/2018,9.9,10.2,9.9,10.11,27281100,965660262
9/14/2018,9.64,10.09,9.55,9.93,26124800,948444130
9/13/2018,9.22,9.69,9.22,9.6,24817100,917308003
9/12/2018,9.39,9.48,9.04,9.21,21323500,880093458
9/11/2018,9.52,9.61,9.23,9.37,18572100,895330571
9/10/2018,9.58,9.71,9.37,9.52,12427900,909744366
9/9/2018,9.55,9.73,9.27,9.51,13947300,908575293
9/8/2018,10.03,10.19,9.41,9.52,15053100,909286861
9/7/2018,10.26,10.27,9.87,10.04,16640400,958687848
9/6/2018,10.05,10.3,9.62,10.28,23466000,982269890
9/5/2018,11.41,11.54,10.09,10.09,29308300,963396616
9/4/2018,11.31,11.42,11.26,11.36,18878700,1084945853
9/3/2018,11.35,11.41,11.11,11.26,18644300,1075576074
9/2/2018,11.43,11.46,11.14,11.3,21757400,1079234204
9/1/2018,11.03,11.54,11.03,11.38,29776300,1086875205
8/31/2018,10.76,11.02,10.6,11.01,22638200,1051955827
8/30/2018,11.17,11.19,10.38,10.76,23247800,1027963081
8/29/2018,11.47,11.47,10.91,11.17,33530600,1067209177
8/28/2018,11.16,11.5,10.84,11.49,43860800,1097066392
8/27/2018,10.22,11.34,10.13,11.21,44953500,1070962819
8/26/2018,10.11,10.27,9.81,10.19,22551200,972852355
8/25/2018,10.19,10.25,9.98,10.14,19561400,968095832
8/24/2018,9.76,10.23,9.56,10.23,22814900,977542020
8/23/2018,9.5,9.72,9.4,9.72,17327500,927907983
8/22/2018,9.74,10.2,9.26,9.54,23929500,911163682
8/21/2018,9.68,9.85,9.42,9.71,13228100,927868822
8/20/2018,10.14,10.2,9.64,9.7,17617700,926560301
8/19/2018,9.92,10.3,9.75,10.16,21218500,970044287
8/18/2018,10.78,10.97,9.54,9.91,27803700,946297964
8/17/2018,9.78,10.87,9.72,10.87,37502400,1038010999
8/16/2018,9.53,9.98,9.39,9.8,24709700,936245271
8/15/2018,9.41,10.59,9.4,9.46,42994900,903835961
8/14/2018,10.3,10.3,8.66,9.42,39515200,899738474
8/13/2018,11.77,11.95,10.18,10.23,34827100,976921189
8/12/2018,11.69,11.86,11.5,11.74,23290300,1121488944
8/11/2018,12.11,12.16,11.37,11.74,29253100,1120992279
8/10/2018,12.77,12.82,11.81,12.13,37026400,1158643315
8/9/2018,12.16,12.87,12.1,12.86,41389000,1228100022
8/8/2018,13.13,13.14,11.98,12.14,44898500,1159875427
8/7/2018,13.66,13.91,13.13,13.15,45119500,1255617180
8/6/2018,13.69,13.98,13.5,13.7,46799600,1308435605
8/5/2018,13.86,13.9,13.29,13.62,43000300,1301186205
8/4/2018,14.11,14.46,13.57,13.84,60865200,1322122550
8/3/2018,14.09,14.21,13.64,14.13,70449300,1350031309
8/2/2018,13.63,14.18,13.41,14.18,50481200,1354071489
8/1/2018,13.77,14.06,13.23,13.57,53833700,1296477437
7/31/2018,13.21,14.06,13.04,13.78,66537000,1315723211
7/30/2018,13.95,13.95,13.07,13.22,35991600,1262379467
7/29/2018,14.6,14.7,13.66,14.02,56547100,1339200189
7/28/2018,14.03,14.87,13.72,14.6,75159904,1394645209
7/27/2018,13.39,14.03,13.06,13.92,66040700,1329792206
7/26/2018,12.92,13.55,12.91,13.4,61881400,1279609926
7/25/2018,12.09,13.47,12.08,12.94,72083200,1235874742
7/24/2018,12.02,12.25,11.65,12.15,46762700,1160009144
7/23/2018,12.14,12.34,11.91,12.02,28137700,1148050977
7/22/2018,12.19,12.27,11.96,12.12,20692400,1157602229
7/21/2018,12.07,12.46,11.9,12.19,28726700,1163848748
7/20/2018,12.92,12.97,11.89,12.07,40466000,1152922115
7/19/2018,12.83,13.35,12.77,12.92,49364800,1233830774
7/18/2018,13.74,13.86,12.72,12.86,75446304,1228749507
7/17/2018,13.36,13.89,12.87,13.71,74443200,1563825403
7/16/2018,12.31,13.39,12.2,13.24,47198600,1509598770
7/15/2018,12.09,12.4,12.02,12.29,26346900,1401464818
7/14/2018,12.19,12.27,11.97,12.1,21534200,1379500466
7/13/2018,12.09,12.43,12.04,12.18,29709900,1389034318
7/12/2018,12.69,12.77,11.9,12.07,26008100,1376546796
7/11/2018,12.82,12.89,12.25,12.7,38867700,1448883187
7/10/2018,13.61,13.66,12.67,12.76,36507100,1455315115
7/9/2018,14.04,14.09,13.63,13.66,36874000,1558317209
7/8/2018,14.4,14.42,13.93,13.99,60275400,1595654327
7/7/2018,13.54,14.4,13.43,14.4,79974896,1642741976
7/6/2018,13.98,13.99,13.28,13.53,33466000,1542933039
7/5/2018,14.04,14.14,13.65,13.85,41185300,1579528889
7/4/2018,14.23,14.33,13.91,14.01,37043700,1597205289
7/3/2018,14.56,14.78,14.08,14.17,60657300,1616136143
7/2/2018,14.4,14.82,14.06,14.57,55614000,1661650022
7/1/2018,14.68,14.69,14.14,14.4,38434400,1642662147
6/30/2018,14.55,15.18,14.29,14.66,59676900,1671537402
6/29/2018,14.17,14.65,13.78,14.51,52784600,1654579462
6/28/2018,14.03,14.75,13.86,14.12,67290496,1610787606
6/27/2018,14.07,14.31,13.89,14.05,44136600,1602291530
6/26/2018,14.93,14.99,13.87,14.12,37503400,1610263016
6/25/2018,14.46,15.07,13.83,14.92,60358000,1701598686
6/24/2018,15.57,15.59,13.54,14.45,96256304,1647622943
6/23/2018,15.6,16.06,15.36,15.55,70431104,1773478911
6/22/2018,17.07,17.24,15.26,15.59,113751000,1778348474
6/21/2018,16.07,17.27,15.92,17.05,122980000,1944780333
6/20/2018,16.76,16.86,15.74,16.06,65190300,1831719798
6/19/2018,16.78,16.94,16.21,16.7,80738096,1904443928
6/18/2018,16.62,17.19,16.22,16.88,106776000,1924982765
6/17/2018,15.78,17.23,15.76,16.58,107346000,1890667740
6/16/2018,14.94,15.98,14.94,15.81,81354704,1802901564
6/15/2018,14.88,15.65,14.69,15.05,79159296,1716104738
6/14/2018,14.64,15.03,14.14,14.9,80329504,1698679229
6/13/2018,15.3,15.72,14.03,14.59,97415904,1663759786
6/12/2018,15.52,16.16,14.99,15.23,116016000,1736415491
6/11/2018,14.14,15.38,13.79,15.38,83039696,1754354186
6/10/2018,15.93,15.93,13.59,14.18,79288200,1617584467
6/9/2018,16.31,16.89,15.96,15.96,85299904,1820463922
6/8/2018,16.35,16.63,15.83,16.27,94394600,1855885147
6/7/2018,17.27,17.44,16.18,16.26,131031000,1854664905
6/6/2018,15.6,17.36,15.35,17.25,157806000,1966927151
6/5/2018,14.25,15.67,14.21,15.6,101474000,1778964297
6/4/2018,14.68,14.68,13.67,14.26,58219100,1626354242
6/3/2018,14.68,14.95,14.33,14.57,82182304,1661125432
6/2/2018,14.32,14.85,14.01,14.68,87983000,1674091926
6/1/2018,14.25,14.41,13.79,14.24,80342200,1624039204
5/31/2018,12.56,14.22,12.41,14.19,93931696,1618268715
5/30/2018,12.61,12.8,12.27,12.57,43146300,1433601654
5/29/2018,11.96,12.68,11.77,12.57,48807700,1433692887
5/28/2018,12.6,12.75,11.7,11.89,33398400,1356441317
5/27/2018,12.79,12.79,12.33,12.61,36691600,1437581695
5/26/2018,12.96,13.2,12.7,12.76,43258400,1455064225
5/25/2018,13.03,13.37,12.64,13.01,49173800,1483449102
5/24/2018,12.61,13.19,12.2,13,54410900,1482570984
5/23/2018,13.85,13.93,12.33,12.63,68215200,1439908137
5/22/2018,14.57,14.84,13.75,13.93,86545104,1588081985
5/21/2018,14.13,14.79,13.82,14.72,97367296,1678950085
5/20/2018,14.35,14.37,13.69,14.12,95390200,1610012126
5/19/2018,15.13,15.62,13.99,14.25,138320992,1624598007
5/18/2018,12.36,16.22,12.05,15.14,243260992,1726060542
5/17/2018,12.32,12.97,12.27,12.47,54251500,1421524681
5/16/2018,12.56,12.57,11.95,12.26,35233200,1398203237
5/15/2018,12.85,13.27,12.51,12.57,45696200,1433248126
5/14/2018,13.16,13.17,12.36,12.87,49317700,1467791233
5/13/2018,13.01,13.55,12.74,13.12,70816496,1496073473
5/12/2018,12.97,13.15,12.25,12.94,44001000,1476139055
5/11/2018,13.88,14.09,12.59,12.99,57027500,1481841120
5/10/2018,14.68,15.05,13.82,13.82,68250000,1575868163
5/9/2018,13.52,14.81,13.08,14.66,99046304,1671868121
5/8/2018,13.7,13.92,13.15,13.53,57865500,1542864614
5/7/2018,13.94,13.97,12.99,13.7,59800200,1562650778
5/6/2018,14.36,14.8,13.68,13.94,74731600,1590032091
5/5/2018,14.32,14.5,14.21,14.37,71502096,1638625085
5/4/2018,14.63,14.68,14.24,14.33,79940496,1634154667
5/3/2018,14.44,14.78,14.21,14.65,104726000,1671001407
5/2/2018,14.17,14.41,13.94,14.41,80730304,1643243757
5/1/2018,14.31,14.31,13.61,14.16,75433904,1615315046
4/30/2018,15.06,15.16,14.11,14.31,83765800,1632170348
4/29/2018,15.16,15.4,14.56,15.06,105495000,1717028472
4/28/2018,14.28,15.33,14.23,15.2,122360000,1733439014
4/27/2018,14.65,14.77,14.18,14.33,101995000,1634109050
4/26/2018,13.35,14.71,13.25,14.65,127788000,1671115449
4/25/2018,15.21,15.93,13.05,13.29,144820992,1515711383
4/24/2018,13.65,15.62,13.65,15.27,165599008,1740954335
4/23/2018,12.88,13.83,12.85,13.63,132041000,1553846790
4/22/2018,13.35,13.35,12.86,12.88,84873000,1468384247
4/21/2018,12.57,13.67,12.44,13.38,141582000,1525689996
4/20/2018,12.35,12.72,11.93,12.58,86036096,1434092031
4/19/2018,12.26,12.43,12.04,12.35,78661696,1408706440
4/18/2018,11.79,12.39,11.53,12.28,90015104,1399936665
4/17/2018,12.23,12.46,11.67,11.77,77537400,1342197560
4/16/2018,13.05,13.06,12.08,12.21,75965504,1392444152
4/15/2018,13.3,13.58,12.92,13.06,115373000,1489242399
4/14/2018,13.45,13.84,12.99,13.24,94980800,1539815189
4/13/2018,13.15,13.76,12.75,13.54,148215008,1573810083
4/12/2018,12.42,12.95,11.91,12.95,133239000,1505878427
4/11/2018,12.04,12.23,11.78,12.23,92759696,1421984054
4/10/2018,11.91,12.4,11.85,12.04,87608200,1399347919
4/9/2018,12.12,12.55,11.61,11.87,80643696,1379827596
4/8/2018,12.51,12.51,12.12,12.12,79045000,1408811614
4/7/2018,12.27,12.63,12.27,12.46,87924896,1448119662
4/6/2018,12.49,12.64,12.04,12.26,81989696,1425181248
4/5/2018,12.2,12.62,12.14,12.45,103864000,1447875513
4/4/2018,13.29,13.44,12,12.19,119600000,1417275459
4/3/2018,12.64,13.95,12.33,13.36,141287008,1553336414
4/2/2018,11.07,12.65,11.02,12.62,116071000,1467302827
4/1/2018,11.15,11.3,10.38,11.07,87918096,1286574163
3/31/2018,10.39,11.39,10.29,11.06,89256304,1094688883
3/30/2018,10.17,10.75,9.74,10.35,75551600,1024834506
3/29/2018,11.7,11.73,10.17,10.2,81352096,1009556645
3/28/2018,11.52,12.25,11.39,11.64,92931200,1152562566
3/27/2018,12.12,12.23,10.88,11.51,102579000,1139482816
3/26/2018,12.91,12.91,10.96,12.06,132353000,1194247460
3/25/2018,13.14,14.23,12.57,12.78,189518000,1265705863
3/24/2018,11.71,14.84,11.6,13.09,255358000,1296004147
3/23/2018,10.05,11.98,9.54,11.74,157246000,1162186726
3/22/2018,10.03,10.91,9.57,10.07,112305000,996704628
3/21/2018,9.17,10.29,9.08,9.98,131761000,988357748
3/20/2018,8.99,9.24,8.66,9.16,96919504,907060323
3/19/2018,9.09,9.26,8.5,8.99,97938896,890407158
3/18/2018,8.96,8.96,7.86,8.95,94840304,886358476
3/17/2018,9.2,9.5,8.66,8.99,94679904,889912088
3/16/2018,9.13,9.39,8.64,9.11,97626000,902148238
3/15/2018,8.94,9.4,8.42,9.1,104531000,900936307
3/14/2018,10.13,10.67,8.55,8.96,124112000,887087219
3/13/2018,8,11,7.9,10.12,216111008,1001546413
3/12/2018,8.3,8.55,7.74,8.04,51188100,796000280
3/11/2018,7.65,8.42,7.38,8.27,45451700,819081433
3/10/2018,8.27,8.35,7.63,7.67,41645000,759601743
3/9/2018,8.26,8.33,7.17,8.31,46893300,823110313
3/8/2018,9.04,9.14,8.12,8.31,48535100,822849906
3/7/2018,9.4,10.13,8.24,9.03,79740800,894579608
3/6/2018,10.15,10.15,9.15,9.38,38182600,929185001
3/5/2018,10.4,10.44,10.1,10.11,38605100,1001081047
3/4/2018,10.21,10.39,9.9,10.35,37886900,1024606773
3/3/2018,10.29,10.45,10.13,10.22,40001900,1011715151
3/2/2018,10.46,10.54,10.14,10.22,46449100,1012398347
3/1/2018,10.45,10.67,10.33,10.51,72474200,1040607436
2/28/2018,10.69,11.18,10.39,10.44,69036400,1033527935
2/27/2018,9.97,11.1,9.82,10.66,97184400,1055479339
2/26/2018,9.37,10.06,9.13,9.9,53540300,980468312
2/25/2018,9.15,9.49,8.94,9.35,43814500,925444252
2/24/2018,9.69,9.84,8.78,9.14,48709200,905177077
2/23/2018,8.87,9.73,8.66,9.69,53626800,959654580
2/22/2018,9.4,9.81,8.71,8.9,47216100,881623626
2/21/2018,9.88,10.19,9.15,9.38,55087600,928829541
2/20/2018,11.09,11.19,9.79,9.9,66512400,980685153
2/19/2018,10.67,11.19,10.65,11.08,54898800,1096649360
2/18/2018,11.69,11.7,10.68,10.7,62044700,1059687434
2/17/2018,11.08,11.87,10.95,11.69,76093504,1157404350
2/16/2018,10.91,11.2,10.43,11.2,71131800,1109115222
2/15/2018,10.39,11.28,10.1,10.93,108962000,1082331935
2/14/2018,9.02,10.65,8.99,10.4,68781600,1029805008
2/13/2018,9.32,9.35,8.77,8.99,41593400,889817035
2/12/2018,8.71,9.4,8.71,9.32,50792600,923055045
2/11/2018,9.2,9.35,8.14,8.7,68554600,861907959
2/10/2018,9.73,10.36,8.85,9.26,80123200,916470614
2/9/2018,8.61,9.89,8.34,9.73,9284,963451766
2/8/2018,8.09,8.72,8.09,8.6,82496000,851074837
2/7/2018,8.32,9.22,7.35,8.1,77970304,801519320
2/6/2018,6.81,8.56,5.59,8.29,97189904,820712194
2/5/2018,8.43,8.55,6.13,6.71,55276900,663891840
2/4/2018,9.75,9.75,8.1,8.46,49990000,837523781
2/3/2018,9.7,10.27,8.61,9.75,56556200,965354816
2/2/2018,9.41,10.46,7.22,9.65,91468200,955711842
2/1/2018,11.18,11.39,8.71,9.52,82984200,942201382
1/31/2018,11.27,11.41,10.57,11.15,50435000,1103511030
1/30/2018,12.77,12.77,11.06,11.25,59389600,1113976810
1/29/2018,13.55,13.67,12.68,12.76,71294304,1263864203
1/28/2018,13.3,13.81,13.2,13.54,93871104,1340669363
1/27/2018,13.23,13.44,12.89,13.25,84009400,1312232542
1/26/2018,13.21,13.59,12.29,13.22,113429000,1308786855
1/25/2018,13.76,14.14,13.06,13.23,105648000,1309796798
1/24/2018,13.19,14.19,12.79,13.63,105736000,1349432102
1/23/2018,13,13.96,11.78,13.09,91706200,1296439809
1/22/2018,14.2,14.45,11.91,13.01,138026000,1288627604
1/21/2018,16.25,16.25,13.36,14.07,141562000,1392958656
1/20/2018,15.03,16.65,15.03,16.19,156744992,1603066364
1/19/2018,14.31,15.64,13.99,14.94,139882000,1479328568
1/18/2018,14.25,15.96,13.51,14.28,204899008,1413959526
1/17/2018,13.62,15.54,9.66,14.2,299411008,1406315645
1/16/2018,19.63,19.63,10.44,13.89,399951008,1375492587
1/15/2018,20.8,23.6,19.33,19.56,244154000,1937179206
1/14/2018,22.25,22.25,19.14,20.78,129239000,2057243582
1/13/2018,22.35,23.67,21.37,22.17,181676000,2195576042
1/12/2018,21.48,24.91,19.93,22.32,387537984,2209626128
1/11/2018,17.57,23.15,15.29,21.04,389228000,2083521898
1/10/2018,17.71,17.71,15.17,17.39,146582000,1721932671
1/9/2018,18.17,20.32,16.8,17.41,194750000,1724011965
1/8/2018,18.65,19.22,15.35,18.26,296617984,1808084753
1/7/2018,22.77,22.77,18.24,18.66,258050000,1847284395
1/6/2018,14.87,23.51,14.82,22.76,637020992,2253538837
1/5/2018,9.15,16.72,9.09,14.92,341504992,1477011641
1/4/2018,9.45,9.54,8.85,9.21,158819008,912314006
1/3/2018,8.77,9.58,8.53,9.54,108852000,944185622
1/2/2018,8.46,9.12,8.22,8.84,104789000,875062959
1/1/2018,8.63,8.7,7.96,8.41,66422800,833164195
12/31/2017,7.76,8.84,7.71,8.64,74927904,855043318
12/30/2017,8.71,8.76,7.19,7.84,72933904,776369764
12/29/2017,9.32,9.53,8.54,8.81,70849400,872075706
12/28/2017,10.13,10.2,8.15,9.32,109298000,922950090
12/27/2017,9.25,11.3,8.49,10.11,167808000,1000734498
12/26/2017,6.56,10.62,6.5,9.03,167812992,894038992
12/25/2017,5.31,6.96,5.25,6.56,66374400,649532830
12/24/2017,4.74,5.29,4.2,5.29,43676900,523356320
12/23/2017,4.39,5.13,4.31,4.84,32930300,479154490
12/22/2017,5.21,5.21,3.51,4.34,36672600,429339556
12/21/2017,5.18,5.7,4.81,5.18,46905500,512893510
12/20/2017,5.79,5.79,4.93,5.18,47866900,512517257
12/19/2017,5.65,6.55,5.58,5.79,66695200,573521763
12/18/2017,5.79,6.22,5.28,5.62,66623700,556047772
12/17/2017,4.67,6.75,4.67,5.76,98159600,569995874
12/16/2017,4.17,4.73,3.92,4.66,54002400,461865655
12/15/2017,3.16,4.41,3.14,4,52745900,395674796
12/14/2017,2.77,3.16,2.77,3.16,40335300,312759482
12/13/2017,2.69,2.88,2.57,2.78,28429500,275070793
12/12/2017,2.73,2.78,2.61,2.68,24523200,265827837
12/11/2017,2.51,2.82,2.5,2.71,19427000,267996243
12/10/2017,2.66,2.7,2.21,2.48,19258500,245888397
12/9/2017,2.83,2.87,2.33,2.61,27217000,258469116
12/8/2017,2.77,2.87,2.26,2.83,38648500,280275959
12/7/2017,2.55,2.91,2.49,2.78,28297900,275253969
12/6/2017,2.58,2.78,2.35,2.59,41731500,256217538
12/5/2017,2.5,2.73,2.5,2.6,49190000,256971034
12/4/2017,2.26,2.58,2.26,2.49,41226200,246711204
12/3/2017,2.09,2.38,2.05,2.23,35163500,220528932
12/2/2017,2.08,2.12,2,2.08,24332700,206361018
12/1/2017,2,2.14,1.92,2.07,28867200,204981753
11/30/2017,1.76,2.05,1.76,2,31559500,197727988
11/29/2017,1.92,2.05,1.68,1.75,43765500,173425991
11/28/2017,1.96,1.96,1.87,1.92,36377700,189820730
11/27/2017,1.87,1.95,1.79,1.94,22826600,192382222
11/26/2017,1.89,1.94,1.83,1.85,9056850,183485814
11/25/2017,1.72,1.96,1.69,1.87,12839900,185539364
11/24/2017,1.57,1.82,1.56,1.72,12155400,170077338
11/23/2017,1.61,1.62,1.54,1.55,8392640,153342982
11/22/2017,1.59,1.62,1.56,1.61,7177000,159585815
11/21/2017,1.66,1.66,1.55,1.57,5440790,155853977
11/20/2017,1.63,1.66,1.56,1.62,12994500,160843292
11/19/2017,1.67,1.7,1.57,1.61,38081700,159785823
11/18/2017,1.51,1.68,1.5,1.67,32167300,165782111
11/17/2017,1.58,1.58,1.5,1.51,8508840,149546785
11/16/2017,1.56,1.68,1.54,1.58,8928640,156236171
11/15/2017,1.59,1.62,1.5,1.53,7615500,151535976
11/14/2017,1.69,1.74,1.57,1.59,7829600,157687716
11/13/2017,1.53,1.74,1.52,1.69,12238800,166998993
11/12/2017,1.67,1.67,1.46,1.52,15298700,150470586
11/11/2017,1.79,1.92,1.61,1.67,8178150,165399917
11/10/2017,2.01,2.07,1.64,1.8,11155000,177912316
11/9/2017,2.05,2.17,1.89,1.99,19192200,197114101
11/8/2017,1.8,2.06,1.78,2.03,18796200,201099414
11/7/2017,1.57,1.82,1.55,1.81,9469500,178862850
11/6/2017,1.53,1.67,1.48,1.57,5042750,155431187
11/5/2017,1.64,1.64,1.46,1.52,2681150,150665643
11/4/2017,1.46,1.7,1.4,1.64,4685320,162105721
11/3/2017,1.29,1.48,1.29,1.46,3201070,144483209
11/2/2017,1.26,1.37,1.2,1.3,3550520,128681565
11/1/2017,1.34,1.34,1.22,1.26,2118920,124910122
10/31/2017,1.34,1.41,1.27,1.31,3397150,129994490
10/30/2017,1.23,1.36,1.2,1.31,2437230,129933102
10/29/2017,1.18,1.26,1.16,1.24,1969690,122899147
10/28/2017,1.18,1.2,1.14,1.15,1495260,114120566
10/27/2017,1.21,1.22,1.11,1.17,2067650,116260259
10/26/2017,1.26,1.26,1.1,1.21,2400010,119668320
10/25/2017,1.24,1.27,1.17,1.25,2288360,124042759
10/24/2017,1.18,1.38,1.14,1.25,4833390,123612048
10/23/2017,1.23,1.28,1.1,1.18,2355560,117205842
10/22/2017,1.26,1.3,1.18,1.21,1631220,120180223
10/21/2017,1.24,1.27,1.17,1.25,1331640,124168507
10/20/2017,1.28,1.37,1.22,1.24,1703230,122967467
10/19/2017,1.33,1.35,1.25,1.28,1791220,128461000
10/18/2017,1.39,1.42,1.21,1.33,2311140,132756000
10/17/2017,1.44,1.47,1.36,1.39,1744390,138995000
10/16/2017,1.56,1.6,1.39,1.44,2960330,144070000
10/15/2017,1.5,1.68,1.41,1.56,5987930,155844000
10/14/2017,1.47,1.54,1.41,1.54,3355060,153819000
10/13/2017,1.34,1.51,1.18,1.44,5705760,143548000
10/12/2017,1.43,1.44,1.28,1.34,5275850,134376000
10/11/2017,1.4,1.46,1.38,1.43,6123140,143373000
10/10/2017,1.43,1.47,1.34,1.39,6912770,139336000
10/9/2017,1.21,1.58,1.21,1.4,9667100,140378000
10/8/2017,1.58,1.6,1.22,1.22,4515300,121723000
10/7/2017,1.61,1.61,1.5,1.58,5578780,158425000
10/6/2017,1.68,1.71,1.53,1.58,6076260,157991000
10/5/2017,1.63,1.74,1.42,1.68,7503500,167849000
10/4/2017,1.85,1.86,1.52,1.6,7227750,160148000
10/3/2017,1.97,2.03,1.67,1.82,14411500,182070000
10/2/2017,1.53,1.98,1.51,1.96,19367700,196467000
10/1/2017,1.28,1.53,1.26,1.53,9043600,152653000
9/30/2017,1.27,1.31,1.23,1.28,6194570,128358000
9/29/2017,1.37,1.37,1.14,1.27,8474270,126624000
9/28/2017,1.15,1.43,1.15,1.38,13944300,137788000
9/27/2017,0.855698,1.2,0.855698,1.14,8394020,114366000
9/26/2017,0.918922,0.940082,0.859212,0.860747,3460160,86074700
9/25/2017,0.784244,0.936568,0.773316,0.917059,3695220,91705900
9/24/2017,0.775804,0.788347,0.736221,0.783268,2402720,78326800
9/23/2017,0.717196,0.7774,0.707845,0.770965,2276080,77096500
9/22/2017,0.698871,0.740154,0.68326,0.715893,2099500,71589300
9/21/2017,0.764013,0.781775,0.684281,0.70214,2238040,70214000
9/20/2017,0.815032,0.816384,0.743676,0.74789,2536950,74789000
9/19/2017,0.907398,0.909132,0.787653,0.802425,2888420,80242500
9/18/2017,0.789565,0.937029,0.787604,0.909202,3717860,90920200
9/17/2017,0.803423,0.814797,0.733745,0.789589,1273640,78958900
9/16/2017,0.808056,0.927197,0.746113,0.804198,2829570,80419800
9/15/2017,0.683305,0.849217,0.526755,0.799709,4625680,79970900
9/14/2017,0.93787,0.950177,0.673482,0.678784,3134360,67878400
9/13/2017,1.04,1.04,0.880241,0.937204,2780700,93720400
9/12/2017,1.03,1.21,0.987632,1.04,7213490,103568000
9/11/2017,0.949186,1.1,0.902,1.03,5167180,102581000
9/10/2017,0.982078,1,0.852385,0.942159,3257430,94215900
9/9/2017,1.01,1.03,0.863061,0.989301,4011510,98930100
9/8/2017,1.4,1.4,0.946601,1.01,9872850,100683000
9/7/2017,1.03,1.51,0.956745,1.37,15442300,136622000
9/6/2017,0.990521,1.17,0.7355,1.09,14279400,108614000
9/5/2017,1.03,1.12,0.740622,0.973716,9453770,97371600
9/4/2017,1.58,1.58,0.61301,1.05,20075100,104957000
9/3/2017,1.93,2.02,1.42,1.58,11662000,157580000
9/2/2017,2.5,2.85,1.72,1.99,22995400,199268000
9/1/2017,2.2,2.39,2.12,2.38,20990700,238417000
8/31/2017,2.33,2.41,2.2,2.2,20214800,220379000
8/30/2017,2.28,2.37,2.09,2.35,24830000,235005000
8/29/2017,2.11,2.33,1.99,2.33,20372000,232758000
8/28/2017,2.02,2.17,1.96,2.04,15413900,204290000
8/27/2017,2.18,2.31,1.86,2.01,17214900,200519000
8/26/2017,2.53,2.54,1.96,2.17,26690700,216936000
8/25/2017,2.39,2.73,2.39,2.5,49977600,249687000
8/24/2017,2.63,2.66,2.28,2.38,45080400,237932000
8/23/2017,2.47,2.96,2.47,2.58,64925100,258043000
8/22/2017,2.72,2.72,2.22,2.49,52091300,248527000
8/21/2017,2.43,2.91,2.43,2.7,72000600,270111000
8/20/2017,2.11,2.69,2.08,2.5,65350400,250258000
8/19/2017,2.33,2.33,1.82,2.09,43391300,209337000
8/18/2017,1.93,2.75,1.89,2.38,69048000,238400000
8/17/2017,1.44,2.11,1.32,1.97,61296500,196715000
8/16/2017,1.12,1.45,1.08,1.44,31363100,143724000
8/15/2017,1.33,1.38,0.923372,1.06,19824400,105655000
8/14/2017,0.872918,1.46,0.735764,1.3,51698100,129557000
8/13/2017,0.44599,1.02,0.44599,0.876828,13852100,87682800
8/12/2017,0.392193,0.475992,0.337589,0.446365,5080760,44636500
8/11/2017,0.348785,0.409654,0.311067,0.392572,4413920,39257200
8/10/2017,0.251827,0.349976,0.245052,0.349079,4118070,34907900
8/9/2017,0.224748,0.260625,0.222158,0.242912,3075320,24291200
8/8/2017,0.148998,0.226925,0.147766,0.224421,2617340,22442100
8/7/2017,0.133958,0.149765,0.1333,0.148848,748177,14884800
8/6/2017,0.129293,0.132988,0.12738,0.130999,393681,13099900
8/5/2017,0.107418,0.144653,0.10707,0.128871,542878,12887100
8/4/2017,0.106685,0.107756,0.102699,0.107494,287621,10749400
8/3/2017,0.100328,0.106978,0.09912,0.106642,293008,10664200
8/2/2017,0.099721,0.101211,0.097361,0.100452,256793,10045200
8/1/2017,0.104595,0.106266,0.096109,0.099867,300413,9986680
7/31/2017,0.106828,0.108349,0.1016,0.10425,240309,10425000
7/30/2017,0.107935,0.108138,0.103162,0.106414,224261,10641400
7/29/2017,0.104782,0.111264,0.101108,0.107811,340218,10781100
7/28/2017,0.107632,0.109019,0.101473,0.104067,342568,10406700
7/27/2017,0.105108,0.108479,0.100888,0.107737,344499,10773700
7/26/2017,0.105893,0.109013,0.099266,0.105138,200395,10513800
7/25/2017,0.115203,0.115841,0.101531,0.10587,145269,10587000